{"version": "rhessys5.20.0", "start_date": "2010 01 01 01", "end_date": "2010 01 10 01", "gw1": 0.117211997411679, "gw2": 0.0659735129203182, "s1": 10.1682388144545, "s2": 0.997275193734094, "s3": 1.84849880747497, "snowEs": 0.605362305999734, "snowTs": 1.02025739167741, "sv1": 1.73747300930697, "sv2": 172.427322705276, "svalt1": 0.928032172983822, "svalt2": 0.955452497987305}